{
  "formatVersion": 1,
  "database": {
    "version": 3,
    "identityHash": "aa5ac5681d9daaccda2f268f73ce1c31",
    "entities": [
      {
        "tableName": "weather",
        "createSql": "CREATE TABLE IF NOT EXISTS `${TABLE_NAME}` (`id` INTEGER PRIMARY KEY AUTOINCREMENT NOT NULL, `location` TEXT NOT NULL, `country` TEXT NOT NULL, `condition` TEXT NOT NULL, `temp_c` TEXT NOT NULL, `region` TEXT NOT NULL)",
        "fields": [
          {
            "fieldPath": "id",
            "columnName": "id",
            "affinity": "INTEGER",
            "notNull": true
          },
          {
            "fieldPath": "location",
            "columnName": "location",
            "affinity": "TEXT",
            "notNull": true
          },
          {
            "fieldPath": "country",
            "columnName": "country",
            "affinity": "TEXT",
            "notNull": true
          },
          {
            "fieldPath": "condition",
            "columnName": "condition",
            "affinity": "TEXT",
            "notNull": true
          },
          {
            "fieldPath": "temp_c",
            "columnName": "temp_c",
            "affinity": "TEXT",
            "notNull": true
          },
          {
            "fieldPath": "region",
            "columnName": "region",
            "affinity": "TEXT",
            "notNull": true
          }
        ],
        "primaryKey": {
          "autoGenerate": true,
          "columnNames": [
            "id"
          ]
        },
        "indices": [],
        "foreignKeys": []
      }
    ],
    "views": [],
    "setupQueries": [
      "CREATE TABLE IF NOT EXISTS room_master_table (id INTEGER PRIMARY KEY,identity_hash TEXT)",
      "INSERT OR REPLACE INTO room_master_table (id,identity_hash) VALUES(42, 'aa5ac5681d9daaccda2f268f73ce1c31')"
    ]
  }
}